x,y
1.0,-0.013489913652989918
1.002002002002002,-0.013354897849502223
1.004004004004004,-0.013218346329819683
1.006006006006006,-0.013080241869286661
1.008008008008008,-0.012940567055653697
1.01001001001001,-0.012799304287163787
1.012012012012012,-0.012656435770622178
1.014014014014014,-0.01251194351944965
1.016016016016016,-0.012365809351719137
1.018018018018018,-0.012218014888175739
1.02002002002002,-0.012068541550239812
1.022022022022022,-0.011917370557993428
1.024024024024024,-0.011764482928149862
1.026026026026026,-0.011609859472006238
1.028028028028028,-0.011453480793379104
1.03003003003003,-0.011295327286523006
1.032032032032032,-0.011135379134032071
1.034034034034034,-0.010973616304724319
1.0360360360360361,-0.010810018551508909
1.038038038038038,-0.010644565409236244
1.04004004004004,-0.010477236192530581
1.042042042042042,-0.010308009993605633
1.044044044044044,-0.010136865680062713
1.0460460460460461,-0.009963781892671539
1.048048048048048,-0.009788737043133804
1.05005005005005,-0.009611709311829107
1.052052052052052,-0.009432676645543696
1.054054054054054,-0.009251616755181744
1.0560560560560561,-0.009068507113459068
1.058058058058058,-0.008883324952579572
1.06006006006006,-0.008696047261894133
1.062062062062062,-0.008506650785542032
1.064064064064064,-0.00831511202007501
1.0660660660660661,-0.008121407212063832
1.068068068068068,-0.007925512355687534
1.07007007007007,-0.007727403190305033
1.072072072072072,-0.007527055198009596
1.074074074074074,-0.007324443601165832
1.0760760760760761,-0.007119543359929346
1.078078078078078,-0.006912329169749272
1.08008008008008,-0.0067027754588532135
1.082082082082082,-0.006490856385715338
1.084084084084084,-0.006276545836507191
1.0860860860860861,-0.0060598174225313
1.088088088088088,-0.005840644477637994
1.09009009009009,-0.005619000055625083
1.092092092092092,-0.0053948569276206886
1.0940940940940942,-0.0051681875794493265
1.0960960960960962,-0.004938964208981392
1.098098098098098,-0.004707158723465707
1.1001001001001,-0.004472742736845899
1.102102102102102,-0.0042356875670602374
1.1041041041041042,-0.003995964233325145
1.1061061061061062,-0.0037535434534027856
1.1081081081081081,-0.0035083956408522403
1.11011011011011,-0.003260490902265139
1.112112112112112,-0.003009799034485495
1.1141141141141142,-0.0027562895218137817
1.1161161161161162,-0.0024999315331958524
1.1181181181181181,-0.002240693919396443
1.12012012012012,-0.001978545210157636
1.122122122122122,-0.0017134536113425462
1.1241241241241242,-0.0014453870020642266
1.1261261261261262,-0.0011743129318003698
1.1281281281281281,-0.0009001986174933078
1.13013013013013,-0.0006230109406364821
1.132132132132132,-0.0003427164443468682
1.1341341341341342,-5.9281330424060946e-05
1.1361361361361362,0.00022732854360407034
1.1381381381381381,0.0005171476674486301
1.14014014014014,0.0008102108810395109
1.142142142142142,0.0011065533775178812
1.1441441441441442,0.0014062107062405883
1.1461461461461462,0.0017092187757961827
1.1481481481481481,0.0020156138570328816
1.15015015015015,0.0023254325860971106
1.1521521521521523,0.0026387119674831545
1.1541541541541542,0.002955489377092786
1.1561561561561562,0.003275802565305505
1.1581581581581581,0.0035996896600577616
1.16016016016016,0.003927189169931702
1.1621621621621623,0.004258339987252637
1.1641641641641642,0.004593181391194589
1.1661661661661662,0.004931753050894203
1.1681681681681682,0.005274095028571596
1.17017017017017,0.005620247782658214
1.1721721721721723,0.005970252170931393
1.1741741741741742,0.006324149453654351
1.1761761761761762,0.0066819812967219006
1.1781781781781782,0.0070437897748109116
1.1801801801801801,0.007409617374534841
1.1821821821821823,0.007779506997602138
1.1841841841841843,0.00815350196397737
1.1861861861861862,0.008531646015045323
1.1881881881881882,0.008913983316776397
1.1901901901901901,0.009300558462893266
1.1921921921921923,0.009691416478038166
1.1941941941941943,0.010086602820939601
1.1961961961961962,0.010486163387578455
1.1981981981981982,0.010890144514352183
1.2002002002002001,0.011298592981236484
1.2022022022022023,0.011711556014943919
1.2042042042042043,0.012129081292078209
1.2062062062062062,0.012551216942283963
1.2082082082082082,0.012978011551390507
1.2102102102102101,0.013409514164549087
1.2122122122122123,0.013845774289362636
1.2142142142142143,0.014286841899007037
1.2162162162162162,0.014732767435343366
1.2182182182182182,0.01518360181201929
1.2202202202202201,0.015639396417559633
1.2222222222222223,0.016100203118444366
1.2242242242242243,0.016566074262173054
1.2262262262262262,0.017037062680315462
1.2282282282282282,0.01751322169154601
1.2302302302302301,0.01799460510466181
1.2322322322322323,0.01848126722158301
1.2342342342342343,0.018973262840333772
1.2362362362362362,0.0194706472580036
1.2382382382382382,0.019973476273686827
1.2402402402402402,0.020481806191399436
1.2422422422422423,0.020995693822972172
1.2442442442442443,0.021515196490917834
1.2462462462462462,0.0220403720312725
1.2482482482482482,0.022571278796408252
1.2502502502502502,0.023107975657816596
1.2522522522522523,0.023650522008860857
1.2542542542542543,0.024198977767496146
1.2562562562562563,0.02475340337895575
1.2582582582582582,0.02531385981840143
1.2602602602602602,0.025880408593537213
1.2622622622622623,0.026453111747184253
1.2642642642642643,0.027032031859815057
1.2662662662662663,0.027617232052046546
1.2682682682682682,0.028208775987088493
1.2702702702702702,0.028806727873146844
1.2722722722722724,0.029411152465779883
1.2742742742742743,0.030022115070204754
1.2762762762762763,0.03063968154355362
1.2782782782782782,0.0312639182970766
1.2802802802802802,0.03189489229828966
1.2822822822822824,0.032532671073066156
1.2842842842842843,0.03317732270766886
1.2862862862862863,0.03382891585072182
1.2882882882882882,0.03448751971511867
1.2902902902902902,0.035153204079865934
1.2922922922922924,0.035826039291858985
1.2942942942942943,0.036506096267588266
1.2962962962962963,0.037193446494774206
1.2982982982982982,0.037888162033927295
1.3003003003003002,0.038590315519832205
1.3023023023023024,0.03929998016295286
1.3043043043043043,0.04001722975075575
1.3063063063063063,0.040742138648950585
1.3083083083083082,0.04147478180264355
1.3103103103103102,0.042215234737402046
1.3123123123123124,0.04296357356022837
1.3143143143143143,0.04371987496043847
1.3163163163163163,0.04448421621044478
1.3183183183183182,0.04525667516643905
1.3203203203203202,0.046037330268972665
1.3223223223223224,0.046826260543432446
1.3243243243243243,0.04762354560040759
1.3263263263263263,0.048429265635946586
1.3283283283283283,0.049243501431699685
1.3303303303303302,0.05006633435494459
1.3323323323323324,0.05089784635849222
1.3343343343343343,0.051738119980469344
1.3363363363363363,0.05258723834397555
1.3383383383383383,0.05344528515661007
1.3403403403403402,0.054312344709866706
1.3423423423423424,0.05518850187839268
1.3443443443443444,0.05607384211910775
1.3463463463463463,0.05696845147018213
1.3483483483483483,0.05787241654986727
1.3503503503503502,0.05878582455517756
1.3523523523523524,0.05970876326041967
1.3543543543543544,0.06064132101556452
1.3563563563563563,0.061583586744460406
1.3583583583583583,0.06253564994288176
1.3603603603603602,0.06349760067641068
1.3623623623623624,0.06446952957814792
1.3643643643643644,0.06545152784624846
1.3663663663663663,0.0664436872412794
1.3683683683683685,0.06744610008339516
1.3703703703703702,0.0684588592493257
1.3723723723723724,0.06948205816917664
1.3743743743743744,0.07051579082303258
1.3763763763763763,0.07156015173736513
1.3783783783783785,0.07261523598123697
1.3803803803803802,0.07368113916230028
1.3823823823823824,0.0747579574225865
1.3843843843843844,0.07584578743407847
1.3863863863863863,0.07694472639406792
1.3883883883883885,0.0780548720202879
1.3903903903903903,0.07917632254581834
1.3923923923923924,0.08030917671376295
1.3943943943943944,0.08145353377168706
1.3963963963963963,0.08260949346581917
1.3983983983983985,0.08377715603500682
1.4004004004004003,0.08495662220442399
1.4024024024024024,0.08614799317902755
1.4044044044044044,0.08735137063675413
1.4064064064064064,0.08856685672145793
1.4084084084084085,0.08979455403558152
1.4104104104104105,0.09103456563255595
1.4124124124124124,0.09228699500892747
1.4144144144144144,0.0935519460962041
1.4164164164164164,0.09482952325241883
1.4184184184184185,0.09611983125340483
1.4204204204204205,0.0974229752837777
1.4224224224224224,0.09873906092762201
1.4244244244244244,0.10006819415887454
1.4264264264264264,0.1014104813314032
1.4284284284284285,0.10276602916877477
1.4304304304304305,0.10413494475370756
1.4324324324324325,0.10551733551720625
1.4344344344344344,0.10691330922737162
1.4364364364364364,0.10832297397788283
1.4384384384384385,0.10974643817614778
1.4404404404404405,0.11118381053111563
1.4424424424424425,0.11263520004074971
1.4444444444444444,0.11410071597915432
1.4464464464464464,0.11558046788335176
1.4484484484484486,0.11707456553970665
1.4504504504504505,0.11858311896999081
1.4524524524524525,0.1201062384170881
1.4544544544544544,0.12164403433033173
1.4564564564564564,0.12319661735047217
1.4584584584584586,0.12476409829427086
1.4604604604604605,0.12634658813871602
1.4624624624624625,0.12794419800485768
1.4644644644644644,0.1295570391412561
1.4664664664664664,0.13118522290704204
1.4684684684684686,0.13282886075458428
1.4704704704704705,0.13448806421176035
1.4724724724724725,0.13616294486382974
1.4744744744744744,0.13785361433490229
1.4764764764764764,0.1395601842690018
1.4784784784784786,0.141282766310721
1.4804804804804805,0.14302147208546284
1.4824824824824825,0.14477641317926992
1.4844844844844844,0.146547701118234
1.4864864864864864,0.14833544734748627
1.4884884884884886,0.15013976320976613
1.4904904904904905,0.15196075992356278
1.4924924924924925,0.15379854856083314
1.4944944944944945,0.15565324002428843
1.4964964964964964,0.1575249450242508
1.4984984984984986,0.1594137740550779
1.5005005005005005,0.1613198373711523
1.5025025025025025,0.16324324496243842
1.5045045045045045,0.1651841065295998
1.5065065065065064,0.16714253145868163
1.5085085085085086,0.16911862879535455
1.5105105105105106,0.17111250721871868
1.5125125125125125,0.1731242750146718
1.5145145145145145,0.17515404004883606
1.5165165165165164,0.17720190973904643
1.5185185185185186,0.17926799102740243
1.5205205205205206,0.1813523903518794
1.5225225225225225,0.1834552136175055
1.5245245245245245,0.185576566167102
1.5265265265265264,0.1877165527515881
1.5285285285285286,0.18987527749985533
1.5305305305305306,0.19205284388820815
1.5325325325325325,0.19424935470937948
1.5345345345345345,0.19646491204111766
1.5365365365365364,0.19869961721435037
1.5385385385385386,0.20095357078093
1.5405405405405406,0.2032268724809596
1.5425425425425425,0.2055196212097088
1.5445445445445445,0.2078319149841189
1.5465465465465464,0.21016385090890344
1.5485485485485486,0.21251552514224992
1.5505505505505506,0.21488703286112504
1.5525525525525525,0.21727846822619323
1.5545545545545547,0.21968992434634926
1.5565565565565564,0.2221214932428734
1.5585585585585586,0.2245732658132193
1.5605605605605606,0.22704533179443143
1.5625625625625625,0.22953777972621253
1.5645645645645647,0.23205069691363794
1.5665665665665665,0.2345841693895287
1.5685685685685686,0.23713828187649671
1.5705705705705706,0.23971311774865894
1.5725725725725725,0.24230875899304433
1.5745745745745747,0.2449252861706917
1.5765765765765765,0.2475627783774536
1.5785785785785786,0.2502213132045196
1.5805805805805806,0.2529009666986597
1.5825825825825826,0.2556018133222135
1.5845845845845847,0.25832392591282494
1.5865865865865865,0.26106737564293947
1.5885885885885886,0.2638322319790805
1.5905905905905906,0.26661856264090766
1.5925925925925926,0.2694264335600829
1.5945945945945947,0.2722559088389496
1.5965965965965965,0.275107050709041
1.5985985985985987,0.2779799194894394
1.6006006006006006,0.28087457354498735
1.6026026026026026,0.2837910692443849
1.6046046046046047,0.2867294609181737
1.6066066066066065,0.2896898008166312
1.6086086086086087,0.292672139067597
1.6106106106106106,0.29567652363423547
1.6126126126126126,0.298703000272769
1.6146146146146148,0.3017516124901877
1.6166166166166165,0.30482240150195994
1.6186186186186187,0.30791540618976654
1.6206206206206206,0.3110306630592668
1.6226226226226226,0.3141682061979331
1.6246246246246248,0.3173280672329601
1.6266266266266265,0.3205102752892765
1.6286286286286287,0.3237148569476848
1.6306306306306306,0.32694183620313794
1.6326326326326326,0.3301912344231921
1.6346346346346348,0.3334630703066444
1.6366366366366365,0.3367573598423849
1.6386386386386387,0.34007411626849005
1.6406406406406406,0.34341335003156853
1.6426426426426426,0.34677506874640135
1.6446446446446448,0.35015927715588613
1.6466466466466465,0.3535659770913155
1.6486486486486487,0.3569951674330219
1.6506506506506506,0.36044684407139743
1.6526526526526526,0.36392099986833454
1.6546546546546548,0.3674176246190991
1.6566566566566565,0.37093670501466547
1.6586586586586587,0.37447822460454916
1.6606606606606606,0.37804216376014566
1.6626626626626626,0.3816284996386237
1.6646646646646648,0.3852372061473846
1.6666666666666665,0.38886825390911806
1.6686686686686687,0.3925216102274929
1.6706706706706707,0.39619723905349025
1.6726726726726726,0.3998951009524286
1.6746746746746748,0.40361515307169316
1.6766766766766765,0.4073573491092023
1.6786786786786787,0.4111216392826467
1.6806806806806807,0.4149079702995109
1.6826826826826826,0.41871628532792776
1.6846846846846848,0.42254652396837716
1.6866866866866865,0.4263986222262612
1.6886886886886887,0.4302725124853932
1.6906906906906907,0.43416812348240896
1.6926926926926926,0.4380853802821502
1.6946946946946948,0.44202420425403116
1.6966966966966965,0.4459845130494213
1.6986986986986987,0.4499662205800787
1.7007007007007007,0.4539692369976424
1.7027027027027026,0.45799346867423446
1.7047047047047048,0.4620388181841779
1.7067067067067065,0.46610518428686615
1.7087087087087087,0.4701924619108138
1.7107107107107107,0.4743005421388984
1.7127127127127126,0.478429312194839
1.7147147147147148,0.4825786554309196
1.7167167167167166,0.4867484513169875
1.7187187187187187,0.49093857543075614
1.7207207207207207,0.4951488994494203
1.7227227227227226,0.4993792911426258
1.7247247247247248,0.5036296143667988
1.7267267267267266,0.5078997290608636
1.7287287287287287,0.5121894912433752
1.7307307307307307,0.5164987530110704
1.7327327327327327,0.5208273625388762
1.7347347347347348,0.5251751640813804
1.7367367367367368,0.5295419979757859
1.7387387387387387,0.5339277006463715
1.7407407407407407,0.5383321046104658
1.7427427427427427,0.5427550384859577
1.7447447447447448,0.5471963270003545
1.7467467467467468,0.5516557910013996
1.7487487487487487,0.55613324746927
1.7507507507507507,0.5606285095303554
1.7527527527527527,0.5651413864726372
1.7547547547547548,0.5696716837626749
1.7567567567567568,0.5742192030642059
1.7587587587587588,0.5787837422583751
1.7607607607607607,0.5833650954655895
1.7627627627627627,0.5879630530690119
1.7647647647647648,0.5925774017396963
1.7667667667667668,0.5972079244633648
1.7687687687687688,0.6018544005688362
1.7707707707707707,0.6065166057580983
1.7727727727727727,0.6111943121380294
1.7747747747747749,0.6158872882537685
1.7767767767767768,0.6205952991237249
1.7787787787787788,0.6253181062762359
1.7807807807807807,0.6300554677878535
1.7827827827827827,0.6348071383232647
1.7847847847847849,0.639572869176834
1.7867867867867868,0.6443524083157555
1.7887887887887888,0.6491455004248172
1.7907907907907907,0.6539518869527507
1.7927927927927927,0.6587713061601644
1.7947947947947949,0.6636034931690447
1.7967967967967968,0.6684481800138048
1.7987987987987988,0.6733050956938764
1.8008008008008007,0.6781739662278132
1.8028028028028027,0.6830545147088972
1.8048048048048049,0.6879464613622249
1.8068068068068068,0.6928495236032485
1.8088088088088088,0.6977634160977598
1.810810810810811,0.7026878508232808
1.8128128128128127,0.7076225371318415
1.8148148148148149,0.7125671818141276
1.8168168168168168,0.7175214891649486
1.8188188188188188,0.7224851610500252
1.820820820820821,0.7274578969740455
1.8228228228228227,0.7324393941499651
1.8248248248248249,0.7374293475695315
1.8268268268268268,0.7424274500749732
1.8288288288288288,0.7474333924318514
1.830830830830831,0.7524468634030136
1.8328328328328327,0.757467549823624
1.834834834834835,0.7624951366772418
1.8368368368368369,0.7675293071728838
1.8388388388388388,0.7725697428230668
1.840840840840841,0.7776161235227607
1.8428428428428427,0.7826681276292246
1.844844844844845,0.7877254320426916
1.8468468468468469,0.7927877122878381
1.8488488488488488,0.7978546425960209
1.850850850850851,0.8029258959882185
1.8528528528528527,0.8080011443586393
1.854854854854855,0.81308005855896
1.8568568568568569,0.8181623084831273
1.8588588588588588,0.823247563152703
1.860860860860861,0.8283354908026858
1.8628628628628627,0.8334257589677699
1.864864864864865,0.8385180345690002
1.8668668668668669,0.8436119840007567
1.8688688688688688,0.8487072732180454
1.870870870870871,0.8538035678240258
1.8728728728728727,0.8589005331577342
1.874874874874875,0.8639978343819646
1.8768768768768769,0.8690951365712323
1.8788788788788788,0.8741921047998007
1.880880880880881,0.8792884042297014
1.8828828828828827,0.8843837001987035
1.884884884884885,0.8894776583081947
1.8868868868868869,0.8945699445109002
1.8888888888888888,0.89966022519842
1.890890890890891,0.9047481672885133
1.8928928928928928,0.909833438312089
1.894894894894895,0.9149157064998649
1.896896896896897,0.9199946408686219
1.8988988988988988,0.9250699113070368
1.900900900900901,0.9301411886610219
1.9029029029029028,0.9352081448185366
1.904904904904905,0.9402704527938279
1.906906906906907,0.9453277868110372
1.9089089089089089,0.9503798223871542
1.910910910910911,0.9554262364142502
1.9129129129129128,0.9604667072409555
1.914914914914915,0.9655009147531519
1.916916916916917,0.9705285404538052
1.9189189189189189,0.9755492675419347
1.920920920920921,0.98056278099065
1.9229229229229228,0.9855687676242267
1.924924924924925,0.9905669161941898
1.926926926926927,0.9955569174543454
1.9289289289289289,1.000538464234747
1.930930930930931,1.005511251514548
1.9329329329329328,1.0104749764937009
1.934934934934935,1.0154293386634898
1.936936936936937,1.0203740398758319
1.9389389389389389,1.0253087844113489
1.940940940940941,1.0302332790461532
1.9429429429429428,1.0351472331173308
1.944944944944945,1.0400503585870946
1.946946946946947,1.0449423701055658
1.9489489489489489,1.0498229850721807
1.950950950950951,1.054691923695676
1.9529529529529528,1.0595489090526393
1.954954954954955,1.0643936671446095
1.956956956956957,1.069225926953682
1.9589589589589589,1.0740454204966305
1.960960960960961,1.0788518828775022
1.9629629629629628,1.0836450523386745
1.964964964964965,1.0884246703103704
1.966966966966967,1.093190481458594
1.968968968968969,1.0979422337314972
1.970970970970971,1.102679678404146
1.9729729729729728,1.1074025701216836
1.974974974974975,1.1121106669408884
1.976976976976977,1.1168037303700933
1.978978978978979,1.1214815254074915
1.980980980980981,1.1261438205777967
1.9829829829829828,1.130790387967265
1.984984984984985,1.1354210032570766
1.986986986986987,1.1400354457550617
1.988988988988989,1.1446334984257873
1.990990990990991,1.1492149479189935
1.992992992992993,1.1537795845963774
1.994994994994995,1.158327202556742
1.996996996996997,1.162857599659496
1.998998998998999,1.1673705775465217
2.001001001001001,1.1718659416624104
2.003003003003003,1.176343501273071
2.005005005005005,1.1808030694827305
2.007007007007007,1.1852444632493162
2.009009009009009,1.1896675033982491
2.011011011011011,1.1940720146346486
2.013013013013013,1.1984578255539562
2.015015015015015,1.2028247686510092
2.017017017017017,1.2071726803275524
2.019019019019019,1.211501400898227
2.021021021021021,1.2158107745950382
2.023023023023023,1.2201006495703146
2.025025025025025,1.2243708778981952
2.027027027027027,1.2286213155746362
2.029029029029029,1.2328518225159777
2.031031031031031,1.2370622625560848
2.033033033033033,1.2412525034420652
2.035035035035035,1.2454224168286188
2.037037037037037,1.2495718782710032
2.039039039039039,1.253700767216664
2.041041041041041,1.2578089669955443
2.043043043043043,1.2618963648090862
2.045045045045045,1.2659628517179697
2.047047047047047,1.2700083226285876
2.049049049049049,1.274032676278303
2.051051051051051,1.2780358152195048
2.053053053053053,1.2820176458024797
2.055055055055055,1.285978078157145
2.057057057057057,1.2899170261736463
2.059059059059059,1.293834407481865
2.061061061061061,1.2977301434298554
2.063063063063063,1.301604159061229
2.065065065065065,1.305456383091536
2.067067067067067,1.3092867478836425
2.069069069069069,1.313095189422157
2.071071071071071,1.316881647286922
2.073073073073073,1.3206460646255902
2.075075075075075,1.324388388125336
2.0770770770770772,1.3281085679837057
2.079079079079079,1.3318065578786507
2.081081081081081,1.3354823149377695
2.083083083083083,1.3391357997067752
2.085085085085085,1.3427669761172354
2.0870870870870872,1.3463758114535924
2.089089089089089,1.349962276319509
2.091091091091091,1.3535263446035586
2.093093093093093,1.3570679934442826
2.095095095095095,1.3605872031946609
2.0970970970970972,1.3640839573859973
2.0990990990990994,1.3675582426912705
2.101101101101101,1.3710100488879642
2.103103103103103,1.3744393688204093
2.105105105105105,1.377846198361658
2.1071071071071072,1.3812305363749218
2.1091091091091094,1.3845923846746033
2.111111111111111,1.3879317479869338
2.113113113113113,1.3912486339102599
2.115115115115115,1.3945430528749896
2.1171171171171173,1.3978150181032274
2.1191191191191194,1.40106454556813
2.121121121121121,1.4042916539529955
2.123123123123123,1.40749636461012
2.125125125125125,1.4106787015194369
2.1271271271271273,1.4138386912469652
2.1291291291291294,1.4169763629030938
2.131131131131131,1.420091748100718
2.133133133133133,1.423184880913253
2.135135135135135,1.426255797832546
2.1371371371371373,1.4293045377267057
2.1391391391391394,1.4323311417978732
2.141141141141141,1.4353356535399546
2.143143143143143,1.438318118696333
2.145145145145145,1.4412785852175771
2.1471471471471473,1.4442171032191726
2.1491491491491495,1.4471337249392882
2.151151151151151,1.4500285046965977
2.153153153153153,1.452901498848177
2.155155155155155,1.4557527657474882
2.1571571571571573,1.4585823657024704
2.1591591591591595,1.461390360933756
2.161161161161161,1.4641768155330268
2.163163163163163,1.4669417954215218
2.165165165165165,1.4696853683087172
2.1671671671671673,1.4724076036511857
2.1691691691691695,1.4751085726116604
2.171171171171171,1.4777883480183045
2.173173173173173,1.480447004324212
2.175175175175175,1.4830846175671386
2.1771771771771773,1.4857012653294868
2.1791791791791795,1.4882970266985527
2.181181181181181,1.4908719822270433
2.183183183183183,1.4934262138938834
2.185185185185185,1.4959598050653085
2.1871871871871873,1.4984728404562682
2.1891891891891895,1.5009654060921438
2.191191191191191,1.5034375892707863
2.193193193193193,1.5058894785248913
2.195195195195195,1.5083211635847114
2.1971971971971973,1.5107327353411169
2.1991991991991995,1.5131242858090168
2.201201201201201,1.5154959080911408
2.203203203203203,1.5178476963421952
2.205205205205205,1.5201797457333919
2.2072072072072073,1.5224921524173631
2.2092092092092095,1.5247850134934668
2.2112112112112112,1.5270584269734846
2.213213213213213,1.5293124917477214
2.215215215215215,1.531547307551508
2.2172172172172173,1.5337629749321129
2.2192192192192195,1.5359595952160663
2.2212212212212212,1.538137270476905
2.223223223223223,1.5402961035033318
2.225225225225225,1.5424361977678032
2.2272272272272273,1.544557657395536
2.2292292292292295,1.546660587133953
2.2312312312312312,1.5487450923225492
2.233233233233233,1.5508112788631976
2.235235235235235,1.5528592531908862
2.2372372372372373,1.5548891222448908
2.2392392392392395,1.5569009934403852
2.2412412412412412,1.5588949746404908
2.243243243243243,1.5608711741287604
2.245245245245245,1.562829700582107
2.2472472472472473,1.5647706630441633
2.2492492492492495,1.5666941708990874
2.2512512512512513,1.568600333845802
2.253253253253253,1.5704892618726771
2.255255255255255,1.5723610652326423
2.2572572572572573,1.574215854418741
2.2592592592592595,1.5760537401401193
2.2612612612612613,1.5778748332984454
2.263263263263263,1.579679244964767
2.265265265265265,1.581467086356794
2.2672672672672673,1.583238468816612
2.2692692692692695,1.584993503788824
2.2712712712712713,1.5867323027991158
2.273273273273273,1.5884549774332437
2.275275275275275,1.5901616393164433
2.2772772772772774,1.5918524000932524
2.2792792792792795,1.5935273714077545
2.2812812812812813,1.5951866648842283
2.283283283283283,1.5968303921082108
2.285285285285285,1.5984586646079628
2.2872872872872874,1.60007159383634
2.2892892892892895,1.601669291153059
2.2912912912912913,1.603251867807367
2.293293293293293,1.604819434921096
2.295295295295295,1.6063721034721121
2.2972972972972974,1.6079099842781448
2.2992992992992995,1.6094331879810038
2.3013013013013013,1.610941825031168
2.303303303303303,1.6124360056727536
2.305305305305305,1.6139158399288482
2.3073073073073074,1.6153814375872133
2.3093093093093096,1.6168329081863468
2.3113113113113113,1.6182703610019062
2.313313313313313,1.619693905033483
2.315315315315315,1.6211036489917294
2.3173173173173174,1.6224997012858255
2.3193193193193196,1.6238821700112915
2.3213213213213213,1.6252511629381388
2.323323323323323,1.6266067874993466
2.325325325325325,1.6279491507796717
2.3273273273273274,1.629278359504781
2.3293293293293296,1.6305945200307022
2.3313313313313313,1.63189773833359
2.333333333333333,1.6331881199998035
2.335335335335335,1.6344657702162877
2.3373373373373374,1.635730793761257
2.3393393393393396,1.6369832949951773
2.3413413413413413,1.6382233778520383
2.343343343343343,1.6394511458309167
2.3453453453453452,1.6406667019878205
2.3473473473473474,1.6418701489278122
2.3493493493493496,1.6430615887974105
2.3513513513513513,1.644241123277257
2.353353353353353,1.645408853575053
2.3553553553553552,1.646564880418758
2.3573573573573574,1.6477093040500392
2.3593593593593596,1.648842224217981
2.3613613613613613,1.6499637401730398
2.363363363363363,1.6510739506612415
2.3653653653653652,1.6521729539186218
2.3673673673673674,1.6532608476658974
2.3693693693693696,1.6543377291033732
2.3713713713713713,1.6554036949060726
2.373373373373373,1.656458841219094
2.3753753753753752,1.6575032636531812
2.3773773773773774,1.658537057280512
2.3793793793793796,1.6595603166306954
2.3813813813813813,1.6605731356869757
2.383383383383383,1.6615756078826367
2.3853853853853852,1.662567826097608
2.3873873873873874,1.6635498826552588
2.3893893893893896,1.664521869319389
2.3913913913913913,1.665483877291403
2.393393393393393,1.6664359972076646
2.3953953953953953,1.6673783191370326
2.3973973973973974,1.6683109325785717
2.3993993993993996,1.6692339264594311
2.4014014014014013,1.670147389132894
2.403403403403403,1.671051408376589
2.4054054054054053,1.6719460713908623
2.4074074074074074,1.672831464797304
2.4094094094094096,1.6737076746374295
2.4114114114114114,1.6745747863715121
2.413413413413413,1.6754328848775566
2.4154154154154153,1.67628205445042
2.4174174174174174,1.6771223788010676
2.4194194194194196,1.6779539410559685
2.4214214214214214,1.6787768237566216
2.423423423423423,1.679591108859211
2.4254254254254253,1.6803968777343898
2.4274274274274275,1.6811942111671825
2.4294294294294296,1.6819831893570114
2.4314314314314314,1.6827638919178391
2.433433433433433,1.6835363978784235
2.4354354354354353,1.6843007856826853
2.4374374374374375,1.6850571331901818
2.4394394394394396,1.6858055176766873
2.4414414414414414,1.6865460158348753
2.443443443443443,1.6872787037751025
2.4454454454454453,1.6880036570262826
2.4474474474474475,1.688720950536865
2.4494494494494496,1.6894306586758945
2.4514514514514514,1.6901328552341652
2.453453453453453,1.690827613425464
2.4554554554554553,1.6915150058878876
2.4574574574574575,1.6921951046852521
2.4594594594594597,1.6928679813085743
2.4614614614614614,1.6935337066776313
2.463463463463463,1.6941923511425963
2.4654654654654653,1.6948439844857428
2.4674674674674675,1.6954886759232222
2.4694694694694697,1.6961264941069034
2.4714714714714714,1.6967575071262855
2.4734734734734736,1.697381782510465
2.4754754754754753,1.6979993872301684
2.4774774774774775,1.6986103876998466
2.4794794794794797,1.6992148497798178
2.4814814814814814,1.6998128387784732
2.4834834834834836,1.7004044194545322
2.4854854854854853,1.7009896560193478
2.4874874874874875,1.7015686121392635
2.4894894894894897,1.7021413509380159
2.4914914914914914,1.702707934999183
2.4934934934934936,1.7032684263686768
2.4954954954954953,1.703822886557278
2.4974974974974975,1.7043713765432091
2.4994994994994997,1.70491395677475
2.5015015015015014,1.705450687172886
2.5035035035035036,1.7059816271339965
2.5055055055055053,1.7065068355325712
2.5075075075075075,1.7070263707239668
2.5095095095095097,1.707540290547186
2.5115115115115114,1.7080486523276928
2.5135135135135136,1.7085515128802526
2.5155155155155153,1.7090489285117991
2.5175175175175175,1.7095409550243283
2.5195195195195197,1.710027647717814
2.5215215215215214,1.7105090613931475
2.5235235235235236,1.7109852503550995
2.5255255255255253,1.7114562684152999
2.5275275275275275,1.7119221688952388
2.5295295295295297,1.7123830046292843
2.5315315315315314,1.7128388279677162
2.5335335335335336,1.7132896907797786
2.5355355355355353,1.7137356444567409
2.5375375375375375,1.7141767399149785
2.5395395395395397,1.7146130275990625
2.5415415415415414,1.71504455748486
2.5435435435435436,1.715471379082649
2.5455455455455454,1.7158935414402354
2.5475475475475475,1.7163110931460874
2.5495495495495497,1.7167240823324683
2.5515515515515514,1.7171325566785842
2.5535535535535536,1.7175365634137314
2.5555555555555554,1.7179361493204497
2.5575575575575575,1.7183313607376844
2.5595595595595597,1.7187222435639453
2.5615615615615615,1.719108843260471
2.5635635635635636,1.7194912048543964
2.5655655655655654,1.7198693729419179
2.5675675675675675,1.7202433916914621
2.5695695695695697,1.720613304846851
2.5715715715715715,1.720979155730469
2.5735735735735736,1.7213409872464256
2.5755755755755754,1.7216988418837167
2.5775775775775776,1.7220527617193844
2.5795795795795797,1.7224027884216697
2.5815815815815815,1.7227489632531643
2.5835835835835836,1.723091327073956
2.5855855855855854,1.7234299203447685
2.5875875875875876,1.723764783130096
2.5895895895895897,1.7240959551013308
2.5915915915915915,1.7244234755398862
2.5935935935935936,1.7247473833403073
2.5955955955955954,1.7250677170133781
2.5975975975975976,1.7253845146892204
2.5995995995995997,1.7256978141203803
2.6016016016016015,1.7260076526849084
2.6036036036036037,1.726314067389431
2.6056056056056054,1.726617094872208
2.6076076076076076,1.726916771406184
2.6096096096096097,1.727213132902026
2.611611611611612,1.7275062149111529
2.6136136136136137,1.7277960526287492
2.6156156156156154,1.7280826808967722
2.6176176176176176,1.7283661342069423
2.6196196196196198,1.7286464467037241
2.621621621621622,1.7289236521872935
2.6236236236236237,1.7291977841164918
2.6256256256256254,1.7294688756117667
2.6276276276276276,1.729736959458101
2.6296296296296298,1.7300020681079251
2.631631631631632,1.7302642336840162
2.6336336336336337,1.7305234879823868
2.6356356356356354,1.7307798624751523
2.6376376376376376,1.7310333883133904
2.6396396396396398,1.73128409632998
2.641641641641642,1.7315320170424298
2.6436436436436437,1.731777180655689
2.6456456456456454,1.7320196170649431
2.6476476476476476,1.7322593558583936
2.6496496496496498,1.7324964263200238
2.651651651651652,1.7327308574323461
2.6536536536536537,1.7329626778791358
2.6556556556556554,1.7331919160481477
2.6576576576576576,1.7334186000338148
2.65965965965966,1.7336427576399345
2.661661661661662,1.7338644163823334
2.6636636636636637,1.73408360349152
2.6656656656656654,1.734300345915318
2.6676676676676676,1.7345146703214829
2.66966966966967,1.7347266031003044
2.671671671671672,1.7349361703671868
2.6736736736736737,1.735143397965218
2.6756756756756754,1.7353483114677177
2.6776776776776776,1.7355509361807693
2.67967967967968,1.7357512971457352
2.681681681681682,1.7359494191417548
2.6836836836836837,1.736145326688224
2.6856856856856854,1.7363390440472601
2.6876876876876876,1.7365305952261454
2.68968968968969,1.736720003979756
2.691691691691692,1.7369072938129744
2.6936936936936937,1.7370924879830805
2.6956956956956954,1.7372756095021302
2.6976976976976976,1.7374566811393126
2.6996996996997,1.7376357254232901
2.701701701701702,1.7378127646445254
2.7037037037037037,1.7379878208575847
2.7057057057057055,1.7381609158834281
2.7077077077077076,1.7383320713116797
2.70970970970971,1.7385013085028842
2.711711711711712,1.7386686485907406
2.7137137137137137,1.7388341124843227
2.7157157157157155,1.7389977208702827
2.7177177177177176,1.7391594942150324
2.71971971971972,1.7393194527669127
2.721721721721722,1.7394776165583443
2.7237237237237237,1.7396340054079589
2.7257257257257255,1.7397886389227146
2.7277277277277276,1.7399415364999975
2.72972972972973,1.7400927173296996
2.731731731731732,1.7402422003962856
2.7337337337337337,1.7403900044808394
2.7357357357357355,1.7405361481630954
2.7377377377377377,1.7406806498234508
2.73973973973974,1.7408235276449648
2.741741741741742,1.7409647996153361
2.7437437437437437,1.7411044835288685
2.7457457457457455,1.741242596988416
2.7477477477477477,1.7413791574073156
2.74974974974975,1.7415141820112978
2.751751751751752,1.7416476878403866
2.7537537537537538,1.741779691750779
2.7557557557557555,1.7419102104167103
2.7577577577577577,1.7420392603323036
2.75975975975976,1.7421668578134004
2.761761761761762,1.7422930189993777
2.7637637637637638,1.7424177598549488
2.7657657657657655,1.7425410961719476
2.7677677677677677,1.742663043571097
2.76976976976977,1.7427836175037625
2.771771771771772,1.7429028332536887
2.7737737737737738,1.7430207059387215
2.7757757757757755,1.743137250512515
2.7777777777777777,1.7432524817662205
2.77977977977978,1.7433664143301648
2.781781781781782,1.7434790626755088
2.7837837837837838,1.7435904411158925
2.7857857857857855,1.7437005638090664
2.7877877877877877,1.7438094447585064
2.78978978978979,1.743917097815015
2.791791791791792,1.744023536678304
2.793793793793794,1.7441287748985694
2.7957957957957955,1.7442328258780462
2.7977977977977977,1.74433570287255
2.7997997997998,1.744437418993004
2.801801801801802,1.7445379872069549
2.803803803803804,1.7446374203400692
2.8058058058058055,1.7447357310776197
2.8078078078078077,1.744832931965956
2.80980980980981,1.744929035413962
2.811811811811812,1.7450240536944985
2.813813813813814,1.7451179989458339
2.8158158158158155,1.7452108831730584
2.8178178178178177,1.7453027182494887
2.81981981981982,1.7453935159180545
2.821821821821822,1.7454832877926763
2.823823823823824,1.7455720453596262
2.8258258258258255,1.7456597999788785
2.8278278278278277,1.7457465628854452
2.82982982982983,1.7458323451906996
2.831831831831832,1.7459171578836865
2.833833833833834,1.7460010118324198
2.8358358358358355,1.7460839177851688
2.8378378378378377,1.7461658863717293
2.83983983983984,1.7462469281046842
2.841841841841842,1.7463270533806505
2.843843843843844,1.7464062724815173
2.8458458458458455,1.7464845955756656
2.8478478478478477,1.746562032719182
2.84984984984985,1.7466385938570568
2.851851851851852,1.7467142888243723
2.853853853853854,1.7467891273474772
2.8558558558558556,1.7468631190451511
2.8578578578578577,1.7469362734297578
2.85985985985986,1.7470085999083842
2.861861861861862,1.7470801077839717
2.863863863863864,1.7471508062564327
2.8658658658658656,1.7472207044237582
2.8678678678678677,1.7472898112831141
2.86986986986987,1.7473581357319257
2.871871871871872,1.7474256865689504
2.873873873873874,1.747492472495343
2.8758758758758756,1.7475585021157054
2.8778778778778777,1.7476237839391306
2.87987987987988,1.747688326380232
2.881881881881882,1.7477521377601652
2.883883883883884,1.7478152263076372
2.8858858858858856,1.747877600159907
2.8878878878878878,1.7479392673637757
2.88988988988989,1.7480002358765647
2.891891891891892,1.7480605135670872
2.893893893893894,1.748120108216606
2.8958958958958956,1.748179027519785
2.8978978978978978,1.7482372790856284
2.8998998998999,1.7482948704384105
2.901901901901902,1.7483518090185988
2.903903903903904,1.748408102183762
2.9059059059059056,1.7484637572094763
2.9079079079079078,1.748518781290213
2.90990990990991,1.748573181540226
2.911911911911912,1.7486269649944237
2.913913913913914,1.7486801386092357
2.9159159159159156,1.748732709263468
2.9179179179179178,1.7487846837591499
2.91991991991992,1.7488360688223739
2.921921921921922,1.7488868711041239
2.923923923923924,1.7489370971810978
2.9259259259259256,1.748986753556519
2.9279279279279278,1.74903584666094
2.92992992992993,1.749084382853039
2.931931931931932,1.749132368420407
2.933933933933934,1.749179809580326
2.9359359359359356,1.7492267124805405
2.937937937937938,1.749273083200021
2.93993993993994,1.7493189277497165
2.941941941941942,1.7493642520733033
2.943943943943944,1.7494090620479223
2.9459459459459456,1.7494533634849125
2.947947947947948,1.7494971621305306
2.94994994994995,1.749540463666671
2.951951951951952,1.7495832737115695
2.953953953953954,1.7496255978205082
2.9559559559559556,1.7496674414865063
2.957957957957958,1.7497088101410057
2.95995995995996,1.74974970915455
2.961961961961962,1.7497901438374583
2.963963963963964,1.7498301194404846
2.9659659659659656,1.7498696411554797
2.967967967967968,1.7499087141160374
2.96996996996997,1.7499473433981414
2.971971971971972,1.7499855340207986
2.973973973973974,1.75002329094667
2.9759759759759756,1.7500606190826942
2.977977977977978,1.7500975232807017
2.97997997997998,1.7501340083380263
2.981981981981982,1.7501700789981067
2.983983983983984,1.7502057399510853
2.985985985985986,1.7502409958343943
2.987987987987988,1.7502758512333436
2.98998998998999,1.7503103106816973
2.991991991991992,1.7503443786622428
2.993993993993994,1.7503780596073595
2.995995995995996,1.7504113578995748
2.997997997997998,1.7504442778721188
3.0,1.750476823809472
